{
  "block_height": 947520,
  "block_time_utc": "2026-05-02 02:06:45 UTC",
  "epoch": 5,
  "epoch_complete": 0.512,
  "subsidy_btc": 3.125,
  "subsidy_sats": 312500000,
  "supply_btc": 20023471.04497096,
  "supply_target_complete": 0.9534986222379418,
  "target_hex": "0000000000000000000213690000000000000000000000000000000000000000",
  "target_hashrate_hps": 9.70625933706808e+20,
  "difficulty": 135594876535256.6,
  "difficulty_display": "135.59T"
}