{
  "block_height": 947142,
  "block_time_utc": "2026-04-29 11:43:14 UTC",
  "epoch": 5,
  "epoch_complete": 0.51,
  "subsidy_btc": 3.125,
  "subsidy_sats": 312500000,
  "supply_btc": 20022271.04497096,
  "supply_target_complete": 0.9534414793807361,
  "target_hex": "0000000000000000000213690000000000000000000000000000000000000000",
  "target_hashrate_hps": 9.70625933706808e+20,
  "difficulty": 135594876535256.6,
  "difficulty_display": "135.59T"
}