{
  "block_height": 948085,
  "block_time_utc": "2026-05-05 22:18:44 UTC",
  "epoch": 5,
  "epoch_complete": 0.514,
  "subsidy_btc": 3.125,
  "subsidy_sats": 312500000,
  "supply_btc": 20025233.54497096,
  "supply_target_complete": 0.9535825508094627,
  "target_hex": "000000000000000000021ff00000000000000000000000000000000000000000",
  "target_hashrate_hps": 9.482715920329762e+20,
  "difficulty": 132472011079030.5,
  "difficulty_display": "132.47T"
}