{
  "block_height": 949882,
  "block_time_utc": "2026-05-18 02:43:04 UTC",
  "epoch": 5,
  "epoch_complete": 0.523,
  "subsidy_btc": 3.125,
  "subsidy_sats": 312500000,
  "supply_btc": 20030846.04497096,
  "supply_target_complete": 0.9538498127145186,
  "target_hex": "000000000000000000020f78ffffffffe0000000000000000000000000000000",
  "target_hashrate_hps": 9.778715028726896e+20,
  "difficulty": 136607070854775.1,
  "difficulty_display": "136.61T"
}