{
  "block_height": 949278,
  "block_time_utc": "2026-05-13 23:12:53 UTC",
  "epoch": 5,
  "epoch_complete": 0.52,
  "subsidy_btc": 3.125,
  "subsidy_sats": 312500000,
  "supply_btc": 20028961.66997096,
  "supply_target_complete": 0.9537600805715628,
  "target_hex": "000000000000000000021ff00000000000000000000000000000000000000000",
  "target_hashrate_hps": 9.482715920329762e+20,
  "difficulty": 132472011079030.5,
  "difficulty_display": "132.47T"
}