{
  "block_height": 947051,
  "block_time_utc": "2026-04-28 17:38 UTC",
  "epoch": 5,
  "epoch_complete": 0.509,
  "subsidy_btc": 3.125,
  "subsidy_sats": 312500000,
  "supply_btc": 20021999.16997096,
  "supply_target_complete": 0.9534285329521505,
  "target_hex": "0000000000000000000213690000000000000000000000000000000000000000",
  "target_hashrate_hps": 9.70625933706808e+20,
  "difficulty": 135594876535256.6,
  "difficulty_display": "135.59T"
}