{
  "block_height": 947514,
  "block_time_utc": "2026-05-02 01:21:44 UTC",
  "epoch": 5,
  "epoch_complete": 0.511,
  "subsidy_btc": 3.125,
  "subsidy_sats": 312500000,
  "supply_btc": 20023449.16997096,
  "supply_target_complete": 0.953497580571274,
  "target_hex": "0000000000000000000213690000000000000000000000000000000000000000",
  "target_hashrate_hps": 9.70625933706808e+20,
  "difficulty": 135594876535256.6,
  "difficulty_display": "135.59T"
}